fir_number,fir_date,date_iso,police_station,district,crime_type,accused,victim,location,status,is_open,officer,event_type,is_cross_district,is_black_cobra,search_text
KSP/BLR-U/2025/0047,14 January 2025,2025-01-14,Cubbon Park Police Station,Bengaluru Urban,Robbery,Arjun Reddy; Sameer Patel,Venkatesh Murthy,"MG Road underpass, near Brigade Road junction, Bengaluru",Closed — Chargesheet filed 09 February 2025,false,"Sub-Inspector Kavitha Nagaraj, Cubbon Park PS",fir,false,false,"KSP/BLR-U/2025/0047 Bengaluru Urban Cubbon Park Police Station Robbery Venkatesh Murthy MG Road underpass, near Brigade Road junction, Bengaluru Closed — Chargesheet filed 09 February 2025 Sub-Inspector Kavitha Nagaraj, Cubbon Park PS Arjun Reddy; Sameer Patel"
KSP/BLR-U/2025/0083,22 January 2025,2025-01-22,Shivajinagar Police Station,Bengaluru Urban,Gang Activity,Khalid Ibrahim; Mohammed Aziz; Tanveer Sheikh,Rajesh Kumar Bhat (property owner),"Shivajinagar commercial complex, adjacent to KSRTC depot",Open — Under investigation,true,"Inspector Dhananjaya Rao, Shivajinagar PS",fir,false,true,"KSP/BLR-U/2025/0083 Bengaluru Urban Shivajinagar Police Station Gang Activity Rajesh Kumar Bhat (property owner) Shivajinagar commercial complex, adjacent to KSRTC depot Open — Under investigation Inspector Dhananjaya Rao, Shivajinagar PS Khalid Ibrahim; Mohammed Aziz; Tanveer Sheikh"
KSP/MYS/2025/0119,03 February 2025,2025-02-03,Jayalakshmipuram Police Station,Mysuru,Assault,Riyaz Ahmed Khan,Gopal Swamy,"Vishwamanava Double Road, near Manasagangothri campus, Mysuru","Closed — Convicted, 6 months rigorous imprisonment awarded",false,"Head Constable Shanthi Prasad, Jayalakshmipuram PS",court,false,false,"KSP/MYS/2025/0119 Mysuru Jayalakshmipuram Police Station Assault Gopal Swamy Vishwamanava Double Road, near Manasagangothri campus, Mysuru Closed — Convicted, 6 months rigorous imprisonment awarded Head Constable Shanthi Prasad, Jayalakshmipuram PS Riyaz Ahmed Khan"
KSP/MLR/2025/0201,11 February 2025,2025-02-11,Mangaluru North Police Station,Dakshina Kannada,Vehicle Theft,,Anita D'Souza,"Hampankatta commercial area parking lot, Mangaluru","Closed — Untraced, case filed",false,"Sub-Inspector Prakash Kamath, Mangaluru North PS",fir,false,false,"KSP/MLR/2025/0201 Dakshina Kannada Mangaluru North Police Station Vehicle Theft Anita D'Souza Hampankatta commercial area parking lot, Mangaluru Closed — Untraced, case filed Sub-Inspector Prakash Kamath, Mangaluru North PS"
KSP/HBD/2025/0058,19 February 2025,2025-02-19,Hubballi Central Police Station,Dharwad,Robbery,Ravikumar Nayak; Siddappa Lamani,Basavraj Patil,"NH-48 near Hosur bypass junction, Hubballi outskirts",Open — Accused at large; lookout notice issued,true,"Inspector Girish Mallapur, Hubballi Central PS",fir,false,false,"KSP/HBD/2025/0058 Dharwad Hubballi Central Police Station Robbery Basavraj Patil NH-48 near Hosur bypass junction, Hubballi outskirts Open — Accused at large; lookout notice issued Inspector Girish Mallapur, Hubballi Central PS Ravikumar Nayak; Siddappa Lamani"
KSP/BLG/2025/0312,28 February 2025,2025-02-28,Belagavi City East Police Station,Belagavi,Burglary,Santosh Kamble; Anil Khot,Meena Patil,"Residential area, Shahapur Colony, Belagavi",Closed — Chargesheet filed,false,"Sub-Inspector Priya Desai, Belagavi City East PS",fir,false,false,"KSP/BLG/2025/0312 Belagavi Belagavi City East Police Station Burglary Meena Patil Residential area, Shahapur Colony, Belagavi Closed — Chargesheet filed Sub-Inspector Priya Desai, Belagavi City East PS Santosh Kamble; Anil Khot"
KSP/TMK/2025/0174,07 March 2025,2025-03-07,Tumakuru Urban Police Station,Tumakuru,Vehicle Theft,Suresh Gowda; Manjunath S,Ravi Shankar Reddy,"Siddaganga Mutt Road, near Government Hospital, Tumakuru",Open — Suresh Gowda absconding,true,"Head Constable Lokesh Kumar, Tumakuru Urban PS",fir,false,false,"KSP/TMK/2025/0174 Tumakuru Tumakuru Urban Police Station Vehicle Theft Ravi Shankar Reddy Siddaganga Mutt Road, near Government Hospital, Tumakuru Open — Suresh Gowda absconding Head Constable Lokesh Kumar, Tumakuru Urban PS Suresh Gowda; Manjunath S"
KSP/BAL/2025/0291,15 March 2025,2025-03-15,Ballari City Police Station,Ballari,Drug Trafficking,Naveen Kumar; Sudhir Raj,N/A (victimless offence),"National Highway 63, Ballari-Hosapete stretch",Closed — Convicted,false,"Inspector Suresh Babu, Ballari City PS (Narcotics Cell)",court,false,false,"KSP/BAL/2025/0291 Ballari Ballari City Police Station Drug Trafficking N/A (victimless offence) National Highway 63, Ballari-Hosapete stretch Closed — Convicted Inspector Suresh Babu, Ballari City PS (Narcotics Cell) Naveen Kumar; Sudhir Raj"
KSP/KBG/2025/0096,21 March 2025,2025-03-21,Kalaburagi Urban Police Station,Kalaburagi,Cybercrime,Mehtab Singh; Farukh Ansari,Laxmidevi Kulkarni,"Online — Victim's residence, Sangam Nagar, Kalaburagi",Open — Accused traced to Rajasthan; state police assistance requested,true,"Sub-Inspector Deepa Hegde, Kalaburagi Urban PS (Cyber Cell)",fir,false,false,"KSP/KBG/2025/0096 Kalaburagi Kalaburagi Urban Police Station Cybercrime Laxmidevi Kulkarni Online — Victim's residence, Sangam Nagar, Kalaburagi Open — Accused traced to Rajasthan; state police assistance requested Sub-Inspector Deepa Hegde, Kalaburagi Urban PS (Cyber Cell) Mehtab Singh; Farukh Ansari"
KSP/SHV/2025/0145,29 March 2025,2025-03-29,Shivamogga City Police Station,Shivamogga,Murder,Hanumantha Gowda,Ramesh Babu,"Vinoba Nagar residential area, Shivamogga",Closed — Chargesheet filed; trial ongoing,false,"Deputy SP Anand Kumar, Shivamogga Division",fir,false,false,"KSP/SHV/2025/0145 Shivamogga Shivamogga City Police Station Murder Ramesh Babu Vinoba Nagar residential area, Shivamogga Closed — Chargesheet filed; trial ongoing Deputy SP Anand Kumar, Shivamogga Division Hanumantha Gowda"
KSP/BLR-U/2025/0247,05 April 2025,2025-04-05,Rajajinagar Police Station,Bengaluru Urban,Drug Trafficking,Pradeep Kumar Shetty; Imran Basha; Lokesh R,N/A,"Rajajinagar Industrial Area, near Ring Road, Bengaluru",Open — Pradeep Kumar Shetty arrested; associates at large,true,"Inspector Nagesh Prasad, Rajajinagar PS (Narcotics Wing)",fir,false,false,"KSP/BLR-U/2025/0247 Bengaluru Urban Rajajinagar Police Station Drug Trafficking N/A Rajajinagar Industrial Area, near Ring Road, Bengaluru Open — Pradeep Kumar Shetty arrested; associates at large Inspector Nagesh Prasad, Rajajinagar PS (Narcotics Wing) Pradeep Kumar Shetty; Imran Basha; Lokesh R"
KSP/BLR-R/2025/0063,14 April 2025,2025-04-14,Ramanagara Police Station,Bengaluru Rural,Fraud,Ashok Thimmaiah,"Cooperative Bank, Kanakapura branch (institutional victim)","Kanakapura Road, Bengaluru Rural",Closed — Accused convicted; civil recovery proceedings ongoing,false,"Inspector Suma Reddy, Ramanagara PS (Economic Offences)",court,false,false,"KSP/BLR-R/2025/0063 Bengaluru Rural Ramanagara Police Station Fraud Cooperative Bank, Kanakapura branch (institutional victim) Kanakapura Road, Bengaluru Rural Closed — Accused convicted; civil recovery proceedings ongoing Inspector Suma Reddy, Ramanagara PS (Economic Offences) Ashok Thimmaiah"
KSP/MYS/2025/0338,22 April 2025,2025-04-22,"Vijayanagar Police Station, Mysuru",Mysuru,Kidnapping,Salim Khan; Maqbool Ahmed,"Pooja Nair (Minor, 14 years)","Near Kalidasa Road, Nazarbad, Mysuru",Open — Victim rescued; accused Salim Khan arrested; Maqbool Ahmed absconding,true,"Inspector Padmavathi Rao, Vijayanagar PS (Women and Children Cell)",fir,false,false,"KSP/MYS/2025/0338 Mysuru Vijayanagar Police Station, Mysuru Kidnapping Pooja Nair (Minor, 14 years) Near Kalidasa Road, Nazarbad, Mysuru Open — Victim rescued; accused Salim Khan arrested; Maqbool Ahmed absconding Inspector Padmavathi Rao, Vijayanagar PS (Women and Children Cell) Salim Khan; Maqbool Ahmed"
KSP/MLR/2025/0409,01 May 2025,2025-05-01,Mangaluru South Police Station,Dakshina Kannada,Assault,Yunus Mohammed; Salman Rehman,David Rodrigues,"Falnir Road, near City Central Library, Mangaluru","Closed — Convicted, 1-year rigorous imprisonment each",false,"Sub-Inspector Clement Pais, Mangaluru South PS",court,false,false,"KSP/MLR/2025/0409 Dakshina Kannada Mangaluru South Police Station Assault David Rodrigues Falnir Road, near City Central Library, Mangaluru Closed — Convicted, 1-year rigorous imprisonment each Sub-Inspector Clement Pais, Mangaluru South PS Yunus Mohammed; Salman Rehman"
KSP/HBD/2025/0197,09 May 2025,2025-05-09,Dharwad City Police Station,Dharwad,Gang Activity,Khalid Ibrahim; Shakeel Mirza; Raju Lamani; Irfan Sheikh,"Multiple shopkeepers, Dharwad Market Area","Old Market Street and Cotton Market, Dharwad",Open — Khalid Ibrahim NBW issued; Raju Lamani in custody,true,"Deputy SP Ramesh Deshpande, Hubballi-Dharwad Division",arrest,false,true,"KSP/HBD/2025/0197 Dharwad Dharwad City Police Station Gang Activity Multiple shopkeepers, Dharwad Market Area Old Market Street and Cotton Market, Dharwad Open — Khalid Ibrahim NBW issued; Raju Lamani in custody Deputy SP Ramesh Deshpande, Hubballi-Dharwad Division Khalid Ibrahim; Shakeel Mirza; Raju Lamani; Irfan Sheikh"
KSP/BLG/2025/0488,17 May 2025,2025-05-17,Belagavi North Police Station,Belagavi,Vehicle Theft,Rajendra Pol; Sunil Chavan,Prakash Joshi,"Hindwadi residential area, Belagavi",Closed — Both accused arrested and chargesheeted,false,"Head Constable Vijay Patil, Belagavi North PS",arrest,false,false,"KSP/BLG/2025/0488 Belagavi Belagavi North Police Station Vehicle Theft Prakash Joshi Hindwadi residential area, Belagavi Closed — Both accused arrested and chargesheeted Head Constable Vijay Patil, Belagavi North PS Rajendra Pol; Sunil Chavan"
KSP/KBG/2025/0203,25 May 2025,2025-05-25,Kalaburagi Rural Police Station,Kalaburagi,Robbery,Riyaz Ahmed Khan; Nazir Pasha,Shantha Bai,"Gulbarga-Bidar Highway, 9 km from Kalaburagi",Open — Riyaz Ahmed Khan identified; warrant issued,true,"Inspector Vijayakumar Patil, Kalaburagi Rural PS",fir,false,false,"KSP/KBG/2025/0203 Kalaburagi Kalaburagi Rural Police Station Robbery Shantha Bai Gulbarga-Bidar Highway, 9 km from Kalaburagi Open — Riyaz Ahmed Khan identified; warrant issued Inspector Vijayakumar Patil, Kalaburagi Rural PS Riyaz Ahmed Khan; Nazir Pasha"
KSP/TMK/2025/0388,02 June 2025,2025-06-02,Tiptur Police Station,Tumakuru,Burglary,Nagaraj Balu; Chandrappa K,Srinivasa Hardware Store (owner: Venkataramu),"Market Road, Tiptur Town, Tumakuru",Closed — Both accused convicted,false,"Sub-Inspector Ravi Kumar, Tiptur PS",court,false,false,"KSP/TMK/2025/0388 Tumakuru Tiptur Police Station Burglary Srinivasa Hardware Store (owner: Venkataramu) Market Road, Tiptur Town, Tumakuru Closed — Both accused convicted Sub-Inspector Ravi Kumar, Tiptur PS Nagaraj Balu; Chandrappa K"
KSP/BAL/2025/0357,10 June 2025,2025-06-10,Ballari Rural Police Station,Ballari,Assault,Ravikumar Nayak; Venkatesha Reddy,Narasimha Reddy,"Agricultural field, Kampli taluk, Ballari district",Open — Ravikumar Nayak absconding; Venkatesha Reddy arrested,true,"Inspector Suresh Reddy, Ballari Rural PS",fir,false,false,"KSP/BAL/2025/0357 Ballari Ballari Rural Police Station Assault Narasimha Reddy Agricultural field, Kampli taluk, Ballari district Open — Ravikumar Nayak absconding; Venkatesha Reddy arrested Inspector Suresh Reddy, Ballari Rural PS Ravikumar Nayak; Venkatesha Reddy"
KSP/SHV/2025/0302,18 June 2025,2025-06-18,Bhadravathi Police Station,Shivamogga,Cybercrime,investigation ongoing),Subbaiah Textiles Pvt Ltd,"Online — Company servers, Bhadravathi",Closed — Insurance claim settled; perpetrators untraced,false,"Inspector Sunil S, Bhadravathi PS (Cyber Cell)",fir,false,false,"KSP/SHV/2025/0302 Shivamogga Bhadravathi Police Station Cybercrime Subbaiah Textiles Pvt Ltd Online — Company servers, Bhadravathi Closed — Insurance claim settled; perpetrators untraced Inspector Sunil S, Bhadravathi PS (Cyber Cell) investigation ongoing)"
KSP/BLR-U/2025/0561,26 June 2025,2025-06-26,Indiranagar Police Station,Bengaluru Urban,Murder,Deepak Raj; Mohan Das,Sridhar Naidu,"100 Feet Road flyover underside, Indiranagar, Bengaluru",Closed — Both accused convicted; life imprisonment awarded,false,"Deputy SP Geeta Menon, Bengaluru Urban East Division",court,false,false,"KSP/BLR-U/2025/0561 Bengaluru Urban Indiranagar Police Station Murder Sridhar Naidu 100 Feet Road flyover underside, Indiranagar, Bengaluru Closed — Both accused convicted; life imprisonment awarded Deputy SP Geeta Menon, Bengaluru Urban East Division Deepak Raj; Mohan Das"
KSP/BLR-R/2025/0187,04 July 2025,2025-07-04,Kengeri Police Station,Bengaluru Rural,Vehicle Theft,Suresh Gowda; Ramesh T,Narayan Rao,"Kengeri Satellite Town, near bus terminus",Open — Ramesh T in custody; Suresh Gowda absconding (same accused as KSP/TMK/2025/0174),true,"Sub-Inspector Chandra Reddy, Kengeri PS",fir,false,false,"KSP/BLR-R/2025/0187 Bengaluru Rural Kengeri Police Station Vehicle Theft Narayan Rao Kengeri Satellite Town, near bus terminus Open — Ramesh T in custody; Suresh Gowda absconding (same accused as KSP/TMK/2025/0174) Sub-Inspector Chandra Reddy, Kengeri PS Suresh Gowda; Ramesh T"
KSP/BLR-U/2025/0629,12 July 2025,2025-07-12,Yeshwanthpur Police Station,Bengaluru Urban,Drug Trafficking,Ashfaq Hussain; Ravi Sharma; Vinod Kumar; Anand Tiwari,N/A,Yeshwanthpur depot area (Bengaluru Urban) and NH-48 highway corridor (Tumakuru segment),Open — Ashfaq Hussain and Ravi Sharma in custody; Vinod Kumar and Anand Tiwari at large,true,"Inspector Kiran Raj, Yeshwanthpur PS (Narcotics Task Force); coordinating with Tumakuru SP Office",fir,true,false,"KSP/BLR-U/2025/0629 Bengaluru Urban Yeshwanthpur Police Station Drug Trafficking N/A Yeshwanthpur depot area (Bengaluru Urban) and NH-48 highway corridor (Tumakuru segment) Open — Ashfaq Hussain and Ravi Sharma in custody; Vinod Kumar and Anand Tiwari at large Inspector Kiran Raj, Yeshwanthpur PS (Narcotics Task Force); coordinating with Tumakuru SP Office Ashfaq Hussain; Ravi Sharma; Vinod Kumar; Anand Tiwari"
KSP/MYS/2025/0511,20 July 2025,2025-07-20,Chamundi Hills Police Station,Mysuru,Fraud,Dr Kiran Bopanna,Twenty-three elderly investors,"Various residences, Jayalakshmipuram and Vijayanagar, Mysuru",Closed — Accused arrested and convicted; investors partially compensated,false,"Inspector Bharat Shetty, Chamundi Hills PS (Economic Offences)",court,false,false,"KSP/MYS/2025/0511 Mysuru Chamundi Hills Police Station Fraud Twenty-three elderly investors Various residences, Jayalakshmipuram and Vijayanagar, Mysuru Closed — Accused arrested and convicted; investors partially compensated Inspector Bharat Shetty, Chamundi Hills PS (Economic Offences) Dr Kiran Bopanna"
KSP/MLR/2025/0574,28 July 2025,2025-07-28,Mangaluru Port Police Station,Dakshina Kannada,Robbery,Anwar Hussein; Sudhir Gowda; Fayaz Khan,Coastal Transshipment Agency (institutional victim),Mangaluru New Port Container Yard,Open — Anwar Hussein in custody; Sudhir Gowda and Fayaz Khan at large,true,"Inspector Anand Pai, Mangaluru Port PS",fir,false,false,"KSP/MLR/2025/0574 Dakshina Kannada Mangaluru Port Police Station Robbery Coastal Transshipment Agency (institutional victim) Mangaluru New Port Container Yard Open — Anwar Hussein in custody; Sudhir Gowda and Fayaz Khan at large Inspector Anand Pai, Mangaluru Port PS Anwar Hussein; Sudhir Gowda; Fayaz Khan"
KSP/HBD/2025/0413,05 August 2025,2025-08-05,Hubli South Police Station,Dharwad,Kidnapping,Gangadhar Shettar; Chandrakant Badiger,"Ramesh Patil (adult, 34 years; business rival)","Vidyanagar locality, Hubballi",Closed — Victim rescued within 18 hours; both accused convicted,false,"Deputy SP Krishnamurthy, Hubballi-Dharwad Division",court,false,false,"KSP/HBD/2025/0413 Dharwad Hubli South Police Station Kidnapping Ramesh Patil (adult, 34 years; business rival) Vidyanagar locality, Hubballi Closed — Victim rescued within 18 hours; both accused convicted Deputy SP Krishnamurthy, Hubballi-Dharwad Division Gangadhar Shettar; Chandrakant Badiger"
KSP/BLG/2025/0618,13 August 2025,2025-08-13,Belagavi Rural Police Station,Belagavi,Cybercrime,Salim Shaikh,Vijayalakshmi Desai,"Online — Victim's home, Desur Village, Belagavi district",Open — Salim Shaikh arrested; online associates unidentified,true,"Sub-Inspector Nisha Patil, Belagavi Rural PS (Cyber Cell)",arrest,false,false,"KSP/BLG/2025/0618 Belagavi Belagavi Rural Police Station Cybercrime Vijayalakshmi Desai Online — Victim's home, Desur Village, Belagavi district Open — Salim Shaikh arrested; online associates unidentified Sub-Inspector Nisha Patil, Belagavi Rural PS (Cyber Cell) Salim Shaikh"
KSP/KBG/2025/0341,22 August 2025,2025-08-22,Gulbarga East Police Station,Kalaburagi,Fraud,Mehtab Singh; Ravi Garg,Multiple agricultural supply shop owners,Kalaburagi Agricultural Market Yard,Open — Mehtab Singh identified; Ravi Garg absconding,true,"Inspector Mallikarjun, Gulbarga East PS",fir,false,false,"KSP/KBG/2025/0341 Kalaburagi Gulbarga East Police Station Fraud Multiple agricultural supply shop owners Kalaburagi Agricultural Market Yard Open — Mehtab Singh identified; Ravi Garg absconding Inspector Mallikarjun, Gulbarga East PS Mehtab Singh; Ravi Garg"
KSP/TMK/2025/0461,30 August 2025,2025-08-30,Madhugiri Police Station,Tumakuru,Gang Activity,Riyaz Ahmed Khan; Mohammed Rafi; Salim Bhai,"Multiple quarry operators, Madhugiri taluk","Granite quarry belt, Madhugiri, Tumakuru",Open — Riyaz Ahmed Khan NBW issued; other accused at large,true,"Inspector Ramakrishna Hegde, Madhugiri PS",fir,false,false,"KSP/TMK/2025/0461 Tumakuru Madhugiri Police Station Gang Activity Multiple quarry operators, Madhugiri taluk Granite quarry belt, Madhugiri, Tumakuru Open — Riyaz Ahmed Khan NBW issued; other accused at large Inspector Ramakrishna Hegde, Madhugiri PS Riyaz Ahmed Khan; Mohammed Rafi; Salim Bhai"
KSP/BAL/2025/0468,07 September 2025,2025-09-07,Hospet Police Station,Ballari,Burglary,Ranga Nayaka; Shekar Lamani,Karnataka Bank ATM (Hospet branch),"Hospet Main Road, near Tungabhadra Dam tourist point",Closed — Both accused arrested and chargesheeted,false,"Sub-Inspector Deepak Nayak, Hospet PS",arrest,false,false,"KSP/BAL/2025/0468 Ballari Hospet Police Station Burglary Karnataka Bank ATM (Hospet branch) Hospet Main Road, near Tungabhadra Dam tourist point Closed — Both accused arrested and chargesheeted Sub-Inspector Deepak Nayak, Hospet PS Ranga Nayaka; Shekar Lamani"
KSP/SHV/2025/0489,15 September 2025,2025-09-15,Shivamogga City Police Station,Shivamogga,Drug Trafficking,Pradeep Kumar Shetty; Gopal Naik; Bhimappa,N/A,"Old Bus Stand area, Shivamogga",Open — Pradeep Kumar Shetty absconding; Gopal Naik and Bhimappa in custody,true,"Inspector Chandrashekar B, Shivamogga City PS (DISSA Cell)",fir,false,false,"KSP/SHV/2025/0489 Shivamogga Shivamogga City Police Station Drug Trafficking N/A Old Bus Stand area, Shivamogga Open — Pradeep Kumar Shetty absconding; Gopal Naik and Bhimappa in custody Inspector Chandrashekar B, Shivamogga City PS (DISSA Cell) Pradeep Kumar Shetty; Gopal Naik; Bhimappa"
KSP/BLR-U/2025/0793,23 September 2025,2025-09-23,HSR Layout Police Station,Bengaluru Urban,Robbery,Ganesh Kumar; Arjun Bhoomi,Sunita Krishnamurthy,"HSR Layout Sector 2, near the metro feeder bus stop",Closed — Both accused arrested; chargesheet filed,false,"Sub-Inspector Revathi S, HSR Layout PS",arrest,false,false,"KSP/BLR-U/2025/0793 Bengaluru Urban HSR Layout Police Station Robbery Sunita Krishnamurthy HSR Layout Sector 2, near the metro feeder bus stop Closed — Both accused arrested; chargesheet filed Sub-Inspector Revathi S, HSR Layout PS Ganesh Kumar; Arjun Bhoomi"
KSP/BLR-R/2025/0291,01 October 2025,2025-10-01,Magadi Police Station,Bengaluru Rural,Murder,Srinivas Gowda,Narayana Gowda,"Hesaraghatta village, outskirts of Magadi taluk",Open — Forensic confirmation received; accused absconding,true,"Inspector Nageshwar Rao, Magadi PS",fir,false,false,"KSP/BLR-R/2025/0291 Bengaluru Rural Magadi Police Station Murder Narayana Gowda Hesaraghatta village, outskirts of Magadi taluk Open — Forensic confirmation received; accused absconding Inspector Nageshwar Rao, Magadi PS Srinivas Gowda"
KSP/MYS/2025/0681,09 October 2025,2025-10-09,Hunsur Police Station,Mysuru,Vehicle Theft,Lokesh Babu; Channabasappa,Karnataka State Road Transport Corporation (KSRTC),"Hunsur KSRTC depot, Mysuru district",Closed — Both accused arrested; KSRTC bus recovered,false,"Sub-Inspector Manjunath G, Hunsur PS",arrest,false,false,"KSP/MYS/2025/0681 Mysuru Hunsur Police Station Vehicle Theft Karnataka State Road Transport Corporation (KSRTC) Hunsur KSRTC depot, Mysuru district Closed — Both accused arrested; KSRTC bus recovered Sub-Inspector Manjunath G, Hunsur PS Lokesh Babu; Channabasappa"
KSP/MLR/2026/0041,17 October 2025,2025-10-17,Ullal Police Station,Dakshina Kannada,Gang Activity,Khalid Ibrahim; Babu Naik; Yusuf Mirza,"Fishermen Cooperative Society, Ullal",Ullal Fishing Harbour and surrounding coastal belt,Open — Babu Naik in custody; Khalid Ibrahim and Yusuf Mirza absconding,true,"Inspector Dinesh Shetty, Ullal PS",fir,false,true,"KSP/MLR/2026/0041 Dakshina Kannada Ullal Police Station Gang Activity Fishermen Cooperative Society, Ullal Ullal Fishing Harbour and surrounding coastal belt Open — Babu Naik in custody; Khalid Ibrahim and Yusuf Mirza absconding Inspector Dinesh Shetty, Ullal PS Khalid Ibrahim; Babu Naik; Yusuf Mirza"
KSP/HBD/2026/0017,25 October 2025,2025-10-25,Hubballi East Police Station,Dharwad,Assault,Chandrakant Hooli; Ravi Nayak,Mohammed Salim (auto-rickshaw driver),"Navanagar locality, Hubballi",Closed — Accused convicted; fined and sentenced to 3 months simple imprisonment,false,"Head Constable Basavaraj, Hubballi East PS",court,false,false,"KSP/HBD/2026/0017 Dharwad Hubballi East Police Station Assault Mohammed Salim (auto-rickshaw driver) Navanagar locality, Hubballi Closed — Accused convicted; fined and sentenced to 3 months simple imprisonment Head Constable Basavaraj, Hubballi East PS Chandrakant Hooli; Ravi Nayak"
KSP/BLG/2026/0093,02 November 2025,2025-11-02,Belagavi City West Police Station,Belagavi,Burglary,Santosh Kamble; Rafiq Mulla,Punjab National Bank (Kanabargi Branch),"Kanabargi Industrial Area, Belagavi",Open — Santosh Kamble identified from fingerprints; Rafiq Mulla unidentified,true,"Inspector Priya Yargeri, Belagavi City West PS",fir,false,false,"KSP/BLG/2026/0093 Belagavi Belagavi City West Police Station Burglary Punjab National Bank (Kanabargi Branch) Kanabargi Industrial Area, Belagavi Open — Santosh Kamble identified from fingerprints; Rafiq Mulla unidentified Inspector Priya Yargeri, Belagavi City West PS Santosh Kamble; Rafiq Mulla"
KSP/KBG/2026/0089,10 November 2025,2025-11-10,Sedam Police Station,Kalaburagi,Vehicle Theft,Suresh Gowda; Jakeer Hussain,Seetaram Reddy,"National Highway 150, Sedam, Kalaburagi",Open — Suresh Gowda apprehended near AP border; vehicle recovered; Jakeer Hussain at large,true,"Sub-Inspector Ramaiah, Sedam PS",fir,false,false,"KSP/KBG/2026/0089 Kalaburagi Sedam Police Station Vehicle Theft Seetaram Reddy National Highway 150, Sedam, Kalaburagi Open — Suresh Gowda apprehended near AP border; vehicle recovered; Jakeer Hussain at large Sub-Inspector Ramaiah, Sedam PS Suresh Gowda; Jakeer Hussain"
KSP/TMK/2026/0129,18 November 2025,2025-11-18,Tumakuru Urban Police Station,Tumakuru,Fraud,Ramesh Nayak; Latha Kumari,Job-seeking youth (38 complainants),"Fake placement office, MG Road, Tumakuru",Closed — Both accused arrested; convicted,false,"Inspector Suma Patil, Tumakuru Urban PS",court,false,false,"KSP/TMK/2026/0129 Tumakuru Tumakuru Urban Police Station Fraud Job-seeking youth (38 complainants) Fake placement office, MG Road, Tumakuru Closed — Both accused arrested; convicted Inspector Suma Patil, Tumakuru Urban PS Ramesh Nayak; Latha Kumari"
KSP/BAL/2026/0153,26 November 2025,2025-11-26,Ballari City Police Station,Ballari,Drug Trafficking,Ramu Naik; Satish Bhoovi; Mohammed Riyaz,N/A,"Railway goods yard, Ballari Junction",Open — Ramu Naik and Satish Bhoovi in custody; Mohammed Riyaz at large,true,"Inspector Ganesh Babu, Ballari City PS (Narcotics, Railway liaison)",fir,false,false,"KSP/BAL/2026/0153 Ballari Ballari City Police Station Drug Trafficking N/A Railway goods yard, Ballari Junction Open — Ramu Naik and Satish Bhoovi in custody; Mohammed Riyaz at large Inspector Ganesh Babu, Ballari City PS (Narcotics, Railway liaison) Ramu Naik; Satish Bhoovi; Mohammed Riyaz"
KSP/SHV/2026/0102,04 December 2025,2025-12-04,Mangaluru North Police Station,Dakshina Kannada,Kidnapping,Sadiq Bhai; Mohan Kulkarni; Vishwanath Pati,"Kishore Kumar Hegde (business executive, 45 years)","Kidnapped from Kadri Park area, Mangaluru; held in Sagar taluk, Shivamogga district",Open — Victim rescued; Mohan Kulkarni in custody; Sadiq Bhai and Vishwanath Pati absconding,true,"Deputy SP Anita Rao, Mangaluru Range; coordinating with Deputy SP Shivamogga",fir,true,false,"KSP/SHV/2026/0102 Dakshina Kannada Mangaluru North Police Station Kidnapping Kishore Kumar Hegde (business executive, 45 years) Kidnapped from Kadri Park area, Mangaluru; held in Sagar taluk, Shivamogga district Open — Victim rescued; Mohan Kulkarni in custody; Sadiq Bhai and Vishwanath Pati absconding Deputy SP Anita Rao, Mangaluru Range; coordinating with Deputy SP Shivamogga Sadiq Bhai; Mohan Kulkarni; Vishwanath Pati"
KSP/BLR-U/2026/0014,12 December 2025,2025-12-12,Whitefield Police Station,Bengaluru Urban,Cybercrime,,FinServ Technologies Pvt Ltd,"Online — Company headquarters, Whitefield, Bengaluru",Closed — Data breach contained; Interpol notice issued; no domestic arrest,false,"Inspector Suhas Mehta, Whitefield PS (Cyber Crime Special Cell)",fir,false,false,"KSP/BLR-U/2026/0014 Bengaluru Urban Whitefield Police Station Cybercrime FinServ Technologies Pvt Ltd Online — Company headquarters, Whitefield, Bengaluru Closed — Data breach contained; Interpol notice issued; no domestic arrest Inspector Suhas Mehta, Whitefield PS (Cyber Crime Special Cell)"
KSP/BLR-R/2026/0048,20 December 2025,2025-12-20,Channapatna Police Station,Bengaluru Rural,Robbery,Nagaraju D; Krishnappa T; Ramu Bhoovi,"Lakshmi Gold Finance (branch, Channapatna; manager: Sanjay Rao)","Channapatna Town, BM Road",Open — Nagaraju D and Ramu Bhoovi arrested; Krishnappa T at large,true,"Inspector Hanumareddy, Channapatna PS",fir,false,false,"KSP/BLR-R/2026/0048 Bengaluru Rural Channapatna Police Station Robbery Lakshmi Gold Finance (branch, Channapatna; manager: Sanjay Rao) Channapatna Town, BM Road Open — Nagaraju D and Ramu Bhoovi arrested; Krishnappa T at large Inspector Hanumareddy, Channapatna PS Nagaraju D; Krishnappa T; Ramu Bhoovi"
KSP/MYS/2026/0052,28 December 2025,2025-12-28,Nanjangud Police Station,Mysuru,Drug Trafficking,Pradeep Kumar Shetty; Hussain Bhai; Anand Gowda,N/A,"Industrial area near KIADB zone, Nanjangud",Open — Hussain Bhai and Anand Gowda in custody; Pradeep Kumar Shetty wanted (NBW issued),true,"Inspector Sowmya D, Nanjangud PS (Narcotics Cell)",arrest,false,false,"KSP/MYS/2026/0052 Mysuru Nanjangud Police Station Drug Trafficking N/A Industrial area near KIADB zone, Nanjangud Open — Hussain Bhai and Anand Gowda in custody; Pradeep Kumar Shetty wanted (NBW issued) Inspector Sowmya D, Nanjangud PS (Narcotics Cell) Pradeep Kumar Shetty; Hussain Bhai; Anand Gowda"
KSP/MLR/2026/0117,05 January 2026,2026-01-05,Mangaluru South Police Station,Dakshina Kannada,Burglary,Shabbir Khan; Rafiq Mohammed,City Central Museum (government property),"Lalbagh Bunder Road, Mangaluru City",Closed — Both accused arrested; artefacts recovered,false,"Inspector Lawrence Fernandes, Mangaluru South PS",arrest,false,false,"KSP/MLR/2026/0117 Dakshina Kannada Mangaluru South Police Station Burglary City Central Museum (government property) Lalbagh Bunder Road, Mangaluru City Closed — Both accused arrested; artefacts recovered Inspector Lawrence Fernandes, Mangaluru South PS Shabbir Khan; Rafiq Mohammed"
KSP/HBD/2026/0231,13 January 2026,2026-01-13,Dharwad Rural Police Station,Dharwad,Fraud,Prabhu Halakatti; Raveendra Chikkodi,"47 farmers, Dharwad taluk","Multiple villages, Dharwad taluk",Open — Prabhu Halakatti arrested; Raveendra Chikkodi absconding,true,"Inspector Basavaraj Kulli, Dharwad Rural PS",fir,false,false,"KSP/HBD/2026/0231 Dharwad Dharwad Rural Police Station Fraud 47 farmers, Dharwad taluk Multiple villages, Dharwad taluk Open — Prabhu Halakatti arrested; Raveendra Chikkodi absconding Inspector Basavaraj Kulli, Dharwad Rural PS Prabhu Halakatti; Raveendra Chikkodi"
KSP/BLG/2026/0194,21 January 2026,2026-01-21,Belgaum Cantonment Police Station,Belagavi,Murder,Manjunath Sali (suspect; not yet chargesheeted),Praveen Kumar Patil,"Tilakwadi residential area, Belagavi Cantonment",Closed — Case referred to CID for further investigation,false,"Deputy SP Vijayendra Rao, Belagavi CID Branch",fir,false,false,"KSP/BLG/2026/0194 Belagavi Belgaum Cantonment Police Station Murder Praveen Kumar Patil Tilakwadi residential area, Belagavi Cantonment Closed — Case referred to CID for further investigation Deputy SP Vijayendra Rao, Belagavi CID Branch Manjunath Sali (suspect; not yet chargesheeted)"
KSP/KBG/2026/0176,29 January 2026,2026-01-29,Aland Police Station,Kalaburagi,Kidnapping,Basalingappa Patil; Nagappa Sangam,"Mallikarjun Natikar (farmer, 62 years)","Agricultural area, Aland taluk, Kalaburagi",Closed — Victim released before police intervention; both accused arrested,false,"Sub-Inspector Nandakumar, Aland PS",arrest,false,false,"KSP/KBG/2026/0176 Kalaburagi Aland Police Station Kidnapping Mallikarjun Natikar (farmer, 62 years) Agricultural area, Aland taluk, Kalaburagi Closed — Victim released before police intervention; both accused arrested Sub-Inspector Nandakumar, Aland PS Basalingappa Patil; Nagappa Sangam"
KSP/TMK/2026/0217,06 February 2026,2026-02-06,Gubbi Police Station,Tumakuru,Assault,Sathyanarayana K; Venkatesh M,Ranga Swamy (village panchayat head),"Panchayat office premises, Gubbi taluk, Tumakuru",Open — Sathyanarayana K in custody; Venkatesh M surrendered,true,"Inspector Ravi Kumar, Gubbi PS",arrest,false,false,"KSP/TMK/2026/0217 Tumakuru Gubbi Police Station Assault Ranga Swamy (village panchayat head) Panchayat office premises, Gubbi taluk, Tumakuru Open — Sathyanarayana K in custody; Venkatesh M surrendered Inspector Ravi Kumar, Gubbi PS Sathyanarayana K; Venkatesh M"
KSP/BAL/2026/0237,14 February 2026,2026-02-14,Kurugodu Police Station,Ballari,Drug Trafficking,Rajesh Bhoomi; Chandru Naik; Lakshman G,N/A,Border crossing near Kudligi taluk (Karnataka-Andhra Pradesh boundary),Open — Rajesh Bhoomi arrested at scene; Chandru Naik and Lakshman G at large,true,"Inspector Mohan Reddy, Kurugodu PS (Narcotics, Border Enforcement)",fir,false,false,"KSP/BAL/2026/0237 Ballari Kurugodu Police Station Drug Trafficking N/A Border crossing near Kudligi taluk (Karnataka-Andhra Pradesh boundary) Open — Rajesh Bhoomi arrested at scene; Chandru Naik and Lakshman G at large Inspector Mohan Reddy, Kurugodu PS (Narcotics, Border Enforcement) Rajesh Bhoomi; Chandru Naik; Lakshman G"
KSP/SHV/2026/0189,22 February 2026,2026-02-22,Shivamogga City Police Station,Shivamogga,Cybercrime,Kiran Joshi,Teak Wood Traders Association (institutional victim),"Online — Association office, Shivamogga",Open — Amount partially frozen; accused traced to Mumbai; Maharashtra Police contacted,true,"Sub-Inspector Anitha R, Shivamogga City PS (Cyber Cell)",fir,false,false,"KSP/SHV/2026/0189 Shivamogga Shivamogga City Police Station Cybercrime Teak Wood Traders Association (institutional victim) Online — Association office, Shivamogga Open — Amount partially frozen; accused traced to Mumbai; Maharashtra Police contacted Sub-Inspector Anitha R, Shivamogga City PS (Cyber Cell) Kiran Joshi"
KSP/BLR-U/2026/0319,02 March 2026,2026-03-02,Koramangala Police Station,Bengaluru Urban,Robbery,Amir Khan; Santhosh G,IndiMart E-Commerce delivery executive (Raju M),"Koramangala 6th Block, near Social restaurant",Open — Amir Khan arrested; Santhosh G at large,true,"Inspector Divya Menon, Koramangala PS",fir,false,false,"KSP/BLR-U/2026/0319 Bengaluru Urban Koramangala Police Station Robbery IndiMart E-Commerce delivery executive (Raju M) Koramangala 6th Block, near Social restaurant Open — Amir Khan arrested; Santhosh G at large Inspector Divya Menon, Koramangala PS Amir Khan; Santhosh G"
KSP/BLR-R/2026/0139,10 March 2026,2026-03-10,Doddaballapura Police Station,Bengaluru Rural,Vehicle Theft,Murtaza Beg; Salim D; Shabu Khan; two unidentified,Multiple vehicle owners (8 complainants),Doddaballapura KIADB Industrial Area,Open — Murtaza Beg and Salim D in custody; dismantling yard sealed,true,"Inspector Shyam Sunder, Doddaballapura PS",arrest,false,false,"KSP/BLR-R/2026/0139 Bengaluru Rural Doddaballapura Police Station Vehicle Theft Multiple vehicle owners (8 complainants) Doddaballapura KIADB Industrial Area Open — Murtaza Beg and Salim D in custody; dismantling yard sealed Inspector Shyam Sunder, Doddaballapura PS Murtaza Beg; Salim D; Shabu Khan; two unidentified"
KSP/MYS/2026/0193,18 March 2026,2026-03-18,Mysuru North Police Station,Mysuru,Fraud,Ramesh Shetty; Deepika Naik,Kaveri Housing Cooperative Society members (31 complainants),"Kaveri Dream Homes office, New Sayyaji Rao Road, Mysuru",Open — Deepika Naik arrested; Ramesh Shetty absconding,true,"Inspector Poornima K, Mysuru North PS (Economic Offences Cell)",fir,false,false,"KSP/MYS/2026/0193 Mysuru Mysuru North Police Station Fraud Kaveri Housing Cooperative Society members (31 complainants) Kaveri Dream Homes office, New Sayyaji Rao Road, Mysuru Open — Deepika Naik arrested; Ramesh Shetty absconding Inspector Poornima K, Mysuru North PS (Economic Offences Cell) Ramesh Shetty; Deepika Naik"
KSP/MLR/2026/0253,26 March 2026,2026-03-26,Mangaluru Central Police Station,Dakshina Kannada,Assault,two at large,Three victims (names withheld),"Old Port Road, Mangaluru",Open — Five accused arrested; two at large; Section 144 imposed for 72 hours,true,"Deputy SP Vishwanath Kamath, Mangaluru Range (Special Branch oversight)",fir,false,false,"KSP/MLR/2026/0253 Dakshina Kannada Mangaluru Central Police Station Assault Three victims (names withheld) Old Port Road, Mangaluru Open — Five accused arrested; two at large; Section 144 imposed for 72 hours Deputy SP Vishwanath Kamath, Mangaluru Range (Special Branch oversight) two at large"
KSP/HBD/2026/0344,03 April 2026,2026-04-03,Hubli Central Police Station,Dharwad,Kidnapping,Iqbal Desai; Nasir Khan,"Kavitha Nayak (minor girl, 9 years)","Vidyanagar residential area, Hubballi",Closed — Child rescued 11 hours later; both accused convicted,false,"Inspector Malathi S, Hubli Central PS (Anti-Kidnapping Wing)",court,false,false,"KSP/HBD/2026/0344 Dharwad Hubli Central Police Station Kidnapping Kavitha Nayak (minor girl, 9 years) Vidyanagar residential area, Hubballi Closed — Child rescued 11 hours later; both accused convicted Inspector Malathi S, Hubli Central PS (Anti-Kidnapping Wing) Iqbal Desai; Nasir Khan"
KSP/BLG/2026/0428,11 April 2026,2026-04-11,Belagavi East Police Station,Belagavi,Burglary,Aijaz Bagwan; Ganesh Kadam,"Government Treasury Office (Sub-Division, Belagavi)","Treasury Office premises, Tilakwadi, Belagavi",Open — Aijaz Bagwan arrested; Ganesh Kadam at large,true,"Inspector Sanjay Patil, Belagavi East PS",fir,false,false,"KSP/BLG/2026/0428 Belagavi Belagavi East Police Station Burglary Government Treasury Office (Sub-Division, Belagavi) Treasury Office premises, Tilakwadi, Belagavi Open — Aijaz Bagwan arrested; Ganesh Kadam at large Inspector Sanjay Patil, Belagavi East PS Aijaz Bagwan; Ganesh Kadam"
KSP/KBG/2026/0311,19 April 2026,2026-04-19,Kalaburagi Urban Police Station,Kalaburagi,Cybercrime,local mule Farhan Sheikh,"Regional Cooperative Bank, Kalaburagi","Online — Bank servers, Kalaburagi",Open — Rs 14.2 lakhs total withdrawn fraudulently; Farhan Sheikh (mule) arrested; primary accused at large,true,"Inspector Mohan Patil, Kalaburagi Urban PS (Cyber Crime Cell)",fir,false,false,"KSP/KBG/2026/0311 Kalaburagi Kalaburagi Urban Police Station Cybercrime Regional Cooperative Bank, Kalaburagi Online — Bank servers, Kalaburagi Open — Rs 14.2 lakhs total withdrawn fraudulently; Farhan Sheikh (mule) arrested; primary accused at large Inspector Mohan Patil, Kalaburagi Urban PS (Cyber Crime Cell) local mule Farhan Sheikh"
KSP/TMK/2026/0367,27 April 2026,2026-04-27,Koratagere Police Station,Tumakuru,Assault,Manjappa K; Shiva Gowda,B Ramakrishnaiah (Dalit community elder),"Koratagere village, near SC colony",Closed — Both accused arrested; case registered under SC/ST Prevention of Atrocities Act,false,"Inspector Pramila Gowda, Koratagere PS (SC/ST Special Cell)",arrest,false,false,"KSP/TMK/2026/0367 Tumakuru Koratagere Police Station Assault B Ramakrishnaiah (Dalit community elder) Koratagere village, near SC colony Closed — Both accused arrested; case registered under SC/ST Prevention of Atrocities Act Inspector Pramila Gowda, Koratagere PS (SC/ST Special Cell) Manjappa K; Shiva Gowda"
KSP/BAL/2026/0381,05 May 2026,2026-05-05,Ballari City Police Station,Ballari,Cybercrime,Ravi Chandra; Akash Reddy,Individual investors (23 complainants),Online — Social media targeting victims in Ballari district,Closed — Both accused arrested; amounts partially frozen,false,"Inspector Sowmya T, Ballari City PS (Cyber Cell)",arrest,false,false,"KSP/BAL/2026/0381 Ballari Ballari City Police Station Cybercrime Individual investors (23 complainants) Online — Social media targeting victims in Ballari district Closed — Both accused arrested; amounts partially frozen Inspector Sowmya T, Ballari City PS (Cyber Cell) Ravi Chandra; Akash Reddy"
KSP/SHV/2026/0278,13 May 2026,2026-05-13,Bhadravathi Police Station,Shivamogga,Robbery,Murthy Naik; Shashidhar V,Bhadravathi Steel Merchants Association (institutional victim),Bhadravathi Iron and Steel Industrial Zone,Open — Shashidhar V arrested; Murthy Naik at large,true,"Inspector Dinesh Shetty, Bhadravathi PS",fir,false,false,"KSP/SHV/2026/0278 Shivamogga Bhadravathi Police Station Robbery Bhadravathi Steel Merchants Association (institutional victim) Bhadravathi Iron and Steel Industrial Zone Open — Shashidhar V arrested; Murthy Naik at large Inspector Dinesh Shetty, Bhadravathi PS Murthy Naik; Shashidhar V"
KSP/BLR-U/2026/0481,21 May 2026,2026-05-21,Hebbal Police Station,Bengaluru Urban,Fraud,Sureshkumar P; Vandana Reddy,Northern Bengaluru Medical College (institutional victim) and 11 student families,"Administrative block, Hebbal, Bengaluru",Open — Vandana Reddy arrested; Sureshkumar P absconding,true,"Inspector Anbu Selvam, Hebbal PS (Economic Offences Cell)",fir,false,false,"KSP/BLR-U/2026/0481 Bengaluru Urban Hebbal Police Station Fraud Northern Bengaluru Medical College (institutional victim) and 11 student families Administrative block, Hebbal, Bengaluru Open — Vandana Reddy arrested; Sureshkumar P absconding Inspector Anbu Selvam, Hebbal PS (Economic Offences Cell) Sureshkumar P; Vandana Reddy"
KSP/BLR-R/2026/0248,29 May 2026,2026-05-29,Nelamangala Police Station,Bengaluru Rural,Gang Activity,Tousif Khan; Mahadev Reddy; Sohail Mirza; Vikas Hegde,"Trucking operators (17 complainants), Nelamangala logistics hub","NH-48 logistics belt, Nelamangala",Open — Tousif Khan and Mahadev Reddy in custody; Sohail Mirza and Vikas Hegde absconding,true,"Inspector Manohar S, Nelamangala PS",fir,false,false,"KSP/BLR-R/2026/0248 Bengaluru Rural Nelamangala Police Station Gang Activity Trucking operators (17 complainants), Nelamangala logistics hub NH-48 logistics belt, Nelamangala Open — Tousif Khan and Mahadev Reddy in custody; Sohail Mirza and Vikas Hegde absconding Inspector Manohar S, Nelamangala PS Tousif Khan; Mahadev Reddy; Sohail Mirza; Vikas Hegde"
KSP/MYS/2026/0347,06 June 2026,2026-06-06,Mysuru South Police Station,Mysuru,Assault,Rajashekar T; Mahadevaswamy,"Vinod Narayan (press reporter, Kannada daily)","Kuvempunagar Press Colony, Mysuru",Open — Rajashekar T arrested; Mahadevaswamy surrendered,true,"Inspector Ravindra M, Mysuru South PS",arrest,false,false,"KSP/MYS/2026/0347 Mysuru Mysuru South Police Station Assault Vinod Narayan (press reporter, Kannada daily) Kuvempunagar Press Colony, Mysuru Open — Rajashekar T arrested; Mahadevaswamy surrendered Inspector Ravindra M, Mysuru South PS Rajashekar T; Mahadevaswamy"
KSP/MLR/2026/0389,11 June 2026,2026-06-11,Mangaluru North Police Station,Dakshina Kannada,Robbery,Irshad Ali; Sonu Kumar,State Bank of India cash van (escort team and driver),"Kankanady Road, near SBI Regional Office, Mangaluru",Open — Irshad Ali apprehended; Sonu Kumar at large; multi-agency investigation,true,"Deputy SP Sunil Shetty, Mangaluru Range; coordinating with SBI Security and CISF",fir,false,true,"KSP/MLR/2026/0389 Dakshina Kannada Mangaluru North Police Station Robbery State Bank of India cash van (escort team and driver) Kankanady Road, near SBI Regional Office, Mangaluru Open — Irshad Ali apprehended; Sonu Kumar at large; multi-agency investigation Deputy SP Sunil Shetty, Mangaluru Range; coordinating with SBI Security and CISF Irshad Ali; Sonu Kumar"
